epoch,loss,mae
0,0.1817302703857422,0.19933989644050598
